<?xml version="1.0" encoding="UTF-8"?>
    <addon id="repository.name" name="molineuxwizard" version="1.0.0" provider-name="DJA">
        <requires>
            <import addon="xbmc.addon" version="12.0.0"/>
        </requires>
        <extension point="xbmc.addon.repository" name="molineuxwizard">
            <info compressed="false">https://github.com/arlowd357/molineux/blob/master/plugin.video.molineuxwizard.zip?raw=true_repo/addons.xml</info>
            <checksum>https://github.com/arlowd357/molineux/blob/master/plugin.video.molineuxwizard.zip?raw=true_repo/addons.xml.md5</checksum>
            <datadir zip="true">https://github.com/arlowd357/molineux/blob/master/plugin.video.molineuxwizard.zip?raw=true_repo/</datadir>
            <hashes>false</hashes>
        </extension>
        <extension point="xbmc.addon.metadata">
            <summary>Molineux Kodi 17</summary>
            <description>Molineux Kodi 17. Change skin for alternate build.</description>
            <platform>all</platform>
    </extension>
</addon>