<?xml version="1.0" encoding="UTF-8"?>
<addons>
<addon id="plugin.video.molineuxwizard" name="molineuxwizard" version="1.0.1" provider-name="wolves357">
  <requires>
    <import addon="xbmc.python" version="2.1.0"/>
  </requires>
  <extension point="xbmc.python.pluginsource" library="default.py">
        <provides>video executable</provides>
  </extension>
  <extension point="xbmc.addon.metadata">
    <summary lang="en">Molineux Wizard</summary>
    <description lang="en">Easy Install With KODI / XBMC Wizard / ##CREDIT TO LEE @ COMMUNITY BUILDS FOR WRITING THE FORCE CLOSE FUNCTION AND ANY OTHER DEVS WHO CREATED ANY MODULES USED##
##Credit To Husham for his support and friendship##</description>
    <platform>all</platform>
  </extension>
</addon>

    <addon id="repository.name" name="molineuxwizard" version="1.0.0" provider-name="DJA">
        <requires>
            <import addon="xbmc.addon" version="12.0.0"/>
        </requires>
        <extension point="xbmc.addon.repository" name="molineuxwizard">
            <info compressed="false">https://github.com/arlowd357/molineux/blob/master/plugin.video.molineuxwizard.zip?raw=true_repo/addons.xml</info>
            <checksum>https://github.com/arlowd357/molineux/blob/master/plugin.video.molineuxwizard.zip?raw=true_repo/addons.xml.md5</checksum>
            <datadir zip="true">https://github.com/arlowd357/molineux/blob/master/plugin.video.molineuxwizard.zip?raw=true_repo/</datadir>
            <hashes>false</hashes>
        </extension>
        <extension point="xbmc.addon.metadata">
            <summary>Molineux Kodi 17</summary>
            <description>Molineux Kodi 17. Change skin for alternate build.</description>
            <platform>all</platform>
    </extension>
</addon>
</addons>
